PassengerId,Survived,Pclass,Name,Sex,Age,SibSp,Parch,Ticket,Fare,Cabin,Embarked
1,1,3,Ashley Arnold,male,1.8,4,3,Ury700,66.45,AI842,C
2,1,3,Mary Powers,male,22.8,1,4,bfq371,35.58,HN418,S
3,1,1,Jackson Mckinney,male,57.0,2,5,mRc723,13.4,Pq953,C
4,1,3,Joseph Gillespie,female,13.9,3,3,yYh203,45.89,Tx657,S
5,1,3,Jacob Duffy,female,33.0,3,4,apU371,59.27,qw176,S
6,0,1,Maria Jones,female,57.9,5,3,ddl940,70.74,gV255,S
7,1,1,Richard Roy,male,26.7,5,1,vdf374,70.26,cN250,C
8,1,2,Elizabeth Giles,male,49.6,4,5,efv946,10.14,Bf581,S
9,0,2,Brandon Nguyen,female,19.0,5,1,aCX487,96.4,GY448,S
10,1,3,Wendy Jensen,male,67.3,3,5,yLl675,96.79,ME428,Q
11,0,2,Erica Spencer,male,35.5,3,0,HoU700,34.28,ad709,S
12,1,3,Heather Schmidt,female,7.0,3,3,dle849,25.44,XG967,Q
13,0,1,Megan Fletcher,male,12.2,5,4,jEx613,82.5,Mq161,S
14,0,3,Melissa Ryan,male,69.2,1,2,via117,62.06,xp591,Q
15,0,2,Nicole Wilson MD,male,24.4,5,2,Qyl905,50.33,UZ367,C
16,1,2,Amber Sweeney,male,71.9,3,3,NvA740,37.09,pa917,C
17,0,1,Sarah Copeland,male,56.2,1,3,Lsw351,41.28,rA690,C
18,1,2,Patrick Harris,male,50.0,2,3,soa486,87.57,eb687,C
19,1,2,Whitney Hill,male,76.9,5,5,qTh057,37.86,kQ041,Q
20,0,3,Seth Owens,male,59.1,3,2,fri662,35.84,zC381,S
21,1,2,Dr. Robert Hawkins III,female,30.6,0,3,Lpg822,58.61,FL204,S
22,0,2,Maria Singleton,female,25.4,5,5,NlE947,50.44,Gm495,Q
23,1,1,Anne Branch,male,73.0,1,4,zki249,44.92,RY199,S
24,0,1,Lisa Edwards,female,57.2,4,5,JKb749,18.89,JY946,C
25,0,1,Samantha Vazquez,female,35.1,5,2,nSd203,89.53,od292,Q
26,0,1,Leonard Smith,male,37.9,3,0,kpO537,7.89,PU888,C
27,0,3,Douglas Hamilton,male,7.7,0,2,diR506,29.16,MS356,Q
28,1,3,David Becker,female,8.6,1,0,atw600,65.57,Wo866,C
29,1,3,Melissa Conway,female,26.9,4,2,HEH909,7.72,BH924,S
30,0,3,Jennifer Mejia,male,67.6,5,1,vXG596,91.31,Yg167,Q
31,0,3,Aaron Sparks,male,17.8,2,4,yNM129,45.81,ga116,S
32,1,1,Thomas Massey,male,56.4,0,4,qPL015,32.17,AN765,S
33,0,3,Gregory Hernandez,female,66.0,2,2,TmB722,40.52,UY672,C
34,1,3,Sheri Miller,female,19.8,2,0,lra941,72.55,ON089,C
35,1,2,Michael Barry,male,26.8,4,4,dXU906,18.64,PG429,S
36,1,3,Carl Reynolds,male,23.2,5,1,yHl572,33.64,wT983,Q
37,1,1,Eric Morgan,female,26.4,4,4,uxU525,57.38,yE729,S
38,1,2,Blake Proctor,female,78.3,4,3,Gtc232,94.3,xo978,Q
39,0,1,Jeffrey Banks,female,36.3,4,3,fQt003,51.52,lY858,Q
40,0,2,Jordan Ali,male,76.3,3,3,ayo683,11.97,Hj401,Q
41,1,1,Joyce Norman,female,61.3,2,1,ouy919,48.9,Tv483,S
42,1,3,Mrs. Amy Moran,female,65.2,3,3,vGi825,10.37,qj744,C
43,1,3,Andrew Kirby,male,6.5,2,3,dCu814,83.23,ug391,Q
44,0,2,Carlos Hicks,female,65.1,5,5,DXN823,83.5,Uz641,S
45,0,1,Pamela Brown,male,71.7,1,3,ORM638,36.01,AW970,C
46,0,2,Steve Cohen,female,13.6,2,0,qjT069,29.22,OB176,Q
47,0,2,Chelsey Walton,female,26.2,1,4,wNi339,45.31,hG770,S
48,1,1,Joshua Stein,male,16.1,5,1,TpZ271,84.9,iO869,C
49,1,2,Nancy Keith,male,45.9,3,0,hjL339,79.39,as959,Q
50,0,3,Ana Mendoza,male,80.0,1,4,LSl022,5.04,Za388,C
51,1,1,Pamela Underwood,male,10.1,2,1,qBR769,51.58,gC162,S
52,0,2,Amber Decker,male,55.1,0,4,JZr688,11.79,Gb927,Q
53,1,3,Lisa Chung,female,55.2,5,4,ffe965,46.37,Pd195,Q
54,0,2,Rachel Rodgers,female,38.0,4,2,lwl868,71.44,XF577,S
55,1,1,Christopher Jones,male,11.9,1,2,USp424,11.43,HR237,Q
56,1,2,Kathryn Barnes,female,65.8,0,0,OTr906,62.76,RA674,Q
57,0,3,Todd Wagner,female,31.4,4,2,TRp132,13.3,Ii833,S
58,1,1,Aimee Green,male,44.0,3,2,jrY298,67.16,BX182,S
59,0,3,Pamela Meyer,male,4.0,3,5,aeK978,78.69,Gb342,Q
60,0,1,Kimberly King,male,17.6,0,2,Kda475,20.51,Gt562,Q
61,1,2,Sean Kirby,female,33.0,5,0,WyG982,15.83,is781,C
62,1,1,Travis Daugherty,male,56.7,4,3,mhg352,18.27,Pi337,S
63,1,1,Ryan Chan,male,73.4,5,3,ekO798,65.2,iw343,C
64,0,1,Jennifer Anderson,male,65.4,2,3,ZwI076,16.61,Js000,S
65,0,1,Dawn Wilson,male,54.3,2,2,HOq854,88.62,qR139,C
66,1,1,Shelly Floyd,male,48.6,1,3,pWB145,63.95,NK604,C
67,0,3,Wendy Rogers,female,54.4,5,5,Mrc339,73.26,rs052,C
68,0,3,Jill Simon,female,13.3,2,4,hgd459,31.13,OX238,Q
69,0,1,Morgan Patrick,female,15.7,1,0,QSm476,5.4,kQ297,Q
70,1,1,Cory Combs,female,36.9,5,4,Bbl325,83.82,Uc907,C
71,0,3,Heather Blackwell,male,60.0,3,4,hTM629,53.8,uD173,Q
72,1,1,Kelsey Miller,male,35.3,5,0,SlQ813,90.62,QT198,Q
73,1,3,Andrea Hoffman,male,50.9,0,4,fKd287,10.82,EV229,C
74,1,1,Gregory Mcdaniel II,female,25.7,1,5,Smu337,71.13,HK459,Q
75,0,1,Stephanie Miller,male,22.2,4,3,Voy970,48.53,Qh062,Q
76,0,1,Mark Brown,male,8.2,2,1,vOb056,97.38,tw676,C
77,0,2,Evan Lowery,female,67.9,3,3,aPD491,44.04,EB163,C
78,0,3,Melissa Elliott,male,68.4,2,0,KbS252,86.5,Os031,C
79,0,2,Kristen Lewis,female,76.2,4,2,dUc151,43.7,CU565,Q
80,1,3,Jessica Bell,male,34.7,4,1,Hqz066,79.83,Gm914,Q
81,1,3,Charles Farrell,female,29.5,1,3,FBt003,60.43,It213,S
82,0,1,Jean Humphrey,female,50.0,4,2,AQy240,16.57,WW989,S
83,1,3,Danielle Watts,female,24.8,0,4,kmt269,42.8,KU763,Q
84,1,3,Juan Griffin,male,15.6,4,4,zBw088,9.63,Xx733,Q
85,1,2,Brian Barnes,male,63.7,4,1,Lmd712,7.36,yM133,Q
86,0,1,Robyn Roberts,female,47.6,3,4,Xua050,93.53,dd487,Q
87,1,1,David Cook,male,66.2,5,4,Wfd081,43.15,rv045,Q
88,1,1,Erica Spencer,male,72.8,3,2,rwP204,13.4,Bh648,S
89,1,2,Mary Avila,male,50.2,0,0,uTj262,38.15,ho173,Q
90,1,1,Amanda Clark,female,24.7,2,0,aly380,71.14,bC581,C
91,1,3,Lisa Mccall,male,64.5,1,0,GYc548,64.24,Eu741,S
92,0,3,Charles Nielsen,male,14.4,2,0,BVV759,45.7,Zg684,C
93,1,2,Andres Richardson,female,12.1,0,0,FCr899,29.73,pq690,C
94,1,1,Anne Ramos,female,64.4,4,2,WTt746,76.95,Eu171,S
95,1,2,Alexander Simmons,female,72.0,0,4,zDN121,62.64,ya640,S
96,1,2,John Evans,female,19.9,2,3,TmW485,50.23,hp714,C
97,1,1,Paul Kelly,male,38.3,2,3,nzf233,15.41,zd176,C
98,0,3,Tyler Murray,female,60.5,3,0,Dzz548,58.66,Ov718,C
99,1,2,Paul Cook,male,6.6,3,1,apL940,87.19,UH900,Q
100,1,1,Scott Patterson DDS,male,64.9,2,4,xJr988,76.28,bh310,S
101,1,1,Rachel Mendoza,male,29.8,0,4,xfc315,99.4,vc469,C
102,0,3,Tyler Taylor,female,30.9,0,1,BIa821,65.24,sl726,S
103,0,1,Dale Harris,female,72.0,1,3,rzc692,30.06,bC976,Q
104,0,2,Lisa Ward,female,53.0,1,2,qpA912,42.13,Sb980,S
105,0,3,Tammy Steele,male,65.8,1,3,plp927,63.03,sW215,C
106,1,3,Jesse Meyer,female,19.9,0,1,oki429,32.61,ML366,C
107,0,2,Jackie Frederick,male,46.2,3,5,Zjx924,65.76,Ov741,C
108,1,1,Melvin Lowery,female,43.8,4,3,bal159,77.83,Lw296,C
109,0,2,Nicole Black,female,64.4,4,1,CGY126,26.17,BV196,Q
110,1,2,Adam Shannon,male,25.8,1,3,wSt776,57.07,DM181,Q
111,0,1,Danielle Moreno,male,76.9,2,2,jFx594,64.91,lJ376,C
112,0,2,Andrew Clark,male,39.4,5,2,Qnq408,47.29,jo426,C
113,0,1,Melissa Ramos,male,38.3,0,0,uMg321,14.42,Rn885,Q
114,1,3,Jerry Johnson,female,67.6,0,0,gTP050,17.4,uw561,C
115,1,3,Evan Hall,female,13.7,4,3,QkO501,68.56,tq857,S
116,1,3,Brian Olson,male,73.1,4,0,sVa605,62.36,fE110,S
117,1,2,Rita Ramirez,female,48.6,3,2,dvW898,7.05,eW055,C
118,1,2,Joseph Osborn,male,11.0,1,2,BKi186,25.97,CP523,C
119,1,1,Mr. Derrick Cooley,male,74.9,4,0,luS435,21.84,px597,C
120,0,3,Jason Morgan,male,61.7,3,5,WiW038,17.59,zM668,C
121,0,2,Mia Dixon,male,46.4,5,5,lfn104,49.59,Bj015,S
122,1,2,Peter Barnett,female,39.3,2,0,Yme333,22.48,dp932,Q
123,0,2,Robin Jimenez,female,32.4,1,3,TzE103,70.37,Cw912,C
124,0,2,Gregory Brandt,male,18.2,2,5,ajw043,72.44,ij610,C
125,0,3,Jacob Davis,male,14.8,0,3,QNU012,77.37,HF632,C
126,0,3,Jeffrey Jones,female,71.1,2,3,obr392,49.27,Ot089,S
127,0,3,Allen Herrera,male,55.5,2,4,skL783,16.95,OA797,Q
128,1,2,Jordan Rollins,male,46.8,5,2,JUe746,85.0,wA401,Q
129,1,2,Bryan Sullivan,male,38.9,1,3,MqA765,60.03,aj927,S
130,0,1,Kevin Rice,male,47.4,2,3,BMi674,33.75,bn737,Q
131,0,1,William Alvarez,female,50.8,0,1,IJh961,35.55,bo524,S
132,0,1,Rebekah Williams,male,53.7,2,4,Spl896,66.61,FT470,S
133,0,1,Joseph Roach,male,39.9,4,5,Lud297,75.94,Hy925,C
134,0,1,William Ayala,male,22.0,5,3,ldg488,62.72,HP066,Q
135,1,1,Melvin Oliver Jr.,female,39.5,0,5,ozw793,11.39,yC470,C
136,0,2,Scott Vincent,male,72.4,5,5,iod256,97.41,IH237,Q
137,0,1,James Berg,male,59.0,1,4,LNc509,63.87,PM875,Q
138,1,2,Wendy Lewis,male,71.7,2,1,BHv448,20.47,Tq774,C
139,1,1,Timothy Walker,male,33.4,3,2,gdt203,26.41,Lx226,Q
140,0,1,Danny Hall,male,71.8,2,5,KlI581,98.62,JY843,Q
141,1,1,Lee Franklin,female,67.3,2,1,mLf494,76.88,XF065,S
142,1,3,Melissa Miller,female,74.8,1,5,Ojn147,46.28,GY707,S
143,0,2,Jennifer King,male,79.1,3,0,Ylf505,13.56,mj357,C
144,1,3,Vincent Chang,male,23.1,3,2,LDR804,86.79,bl771,C
145,0,1,Joshua Johnson,male,30.2,1,1,eoh079,77.43,sC730,Q
146,0,2,Matthew Solis,male,50.4,0,3,MTV867,49.96,vx950,C
147,1,1,Mrs. Elizabeth Alexander,female,28.9,2,2,Ioi512,61.39,vU627,S
148,1,2,Lori Montoya,female,33.5,1,1,kCv283,41.14,mk600,S
149,1,1,Kiara Zimmerman,female,8.7,2,4,FHr248,74.7,Ly885,C
150,0,1,Nancy Levy,male,55.5,4,0,zKA084,89.6,yp307,S
151,0,3,Rachael Houston,male,66.9,0,5,sMC315,39.79,To934,Q
152,0,3,Alejandra Hodge,male,72.8,0,3,SYC475,79.52,tG159,C
153,0,2,Clifford Adams,female,26.3,3,1,PVz008,81.42,Aw643,Q
154,0,2,Alexander Rios,female,19.3,0,1,Otj237,74.96,tx682,C
155,1,3,Madison Anderson,male,27.1,4,0,PAB342,62.01,OJ319,Q
156,1,1,Phillip Wyatt,female,57.2,5,3,ToR446,24.45,Hg079,Q
157,1,3,Sue Ball,male,60.5,0,4,wrk305,85.58,Bc285,Q
158,0,1,Max Kerr,male,1.3,5,5,GPO761,73.56,fa428,S
159,0,1,Troy Liu,female,67.4,5,2,Shq101,7.71,Jq673,S
160,1,3,Joseph Harris,female,16.5,0,1,xkN568,45.22,qH882,Q
161,1,1,Mrs. Diana Mcclain,female,49.4,2,5,qAM060,61.15,EK855,C
162,1,2,Ashley Richards,female,74.0,1,3,LGy816,88.7,aD312,Q
163,0,1,Amy Mason,female,31.5,3,4,KeO302,11.21,dL915,Q
164,1,3,Corey Moss,male,79.6,4,4,qdC593,52.03,ps124,S
165,1,3,Mark Castillo,male,62.9,4,4,FyR401,48.54,tf736,S
166,0,2,Dr. Robin Clay,female,3.3,2,1,Vxk284,14.62,sQ206,Q
167,1,1,Amanda Perry,male,3.2,5,1,dot922,32.66,Wk687,C
168,0,2,Kellie Reed,female,65.5,2,3,TKq485,48.07,Zz194,C
169,1,1,Deanna Irwin,male,63.8,3,0,fjT001,14.22,oJ544,S
170,1,2,Lori Lane,female,18.3,5,2,cir034,85.15,yg039,S
171,1,3,Angela Butler,male,29.6,0,0,dyp387,88.47,sR103,S
172,1,3,Andrew Watson,male,20.7,2,0,juU890,85.19,xr068,Q
173,0,2,Leslie Glover,female,53.9,4,4,vcc069,36.12,ey770,C
174,1,2,Danny Garrison,female,10.7,5,2,OcW408,86.99,ua506,Q
175,1,1,Donald Boyd,male,27.3,2,3,Yqy228,96.64,Se182,Q
176,1,2,James Harris,male,16.6,3,5,wmk732,47.62,OJ660,C
177,0,3,Carlos Smith,female,46.9,4,1,Zla209,89.03,qx779,C
178,0,1,John Simmons,male,21.4,1,5,Qux647,5.29,yV802,C
179,1,2,Melissa Martinez,female,37.1,4,3,Ltl947,61.85,xg570,C
180,1,2,April Mccarthy,male,15.8,3,3,aOH781,18.06,mL191,C
181,0,3,Autumn Richards MD,male,69.9,3,2,eKQ023,24.74,Vf397,C
182,1,3,Jill Nelson,female,64.8,4,3,RVt364,78.55,Zd215,C
183,0,3,Jeffrey Pierce,female,54.9,2,5,EIq504,45.25,Hn191,S
184,0,1,Frances Griffith,female,46.1,3,1,NSc905,8.68,MF963,C
185,0,3,Mario Tucker,female,62.2,2,3,uKW841,11.54,MS903,S
186,1,3,Patrick Watts,female,43.7,2,3,KUF262,14.42,gY944,S
187,1,3,Ian Chambers,male,54.4,2,5,irY216,55.72,nl895,S
188,0,1,Zachary Nash,female,19.4,2,4,IsY128,13.7,RJ270,Q
189,0,2,Michael Wallace,male,32.0,4,1,Pdx730,43.42,iM949,C
190,1,3,Stephanie Miller,male,71.4,0,3,VqC865,25.63,EA056,S
191,1,3,Mitchell Mullins,male,23.5,1,5,NIs036,46.03,Zm431,S
192,0,2,Trevor Steele,male,27.6,0,1,eCG254,98.2,iM035,S
193,0,1,Ashley Everett,male,51.7,0,2,PBO699,63.47,Wr940,C
194,1,1,Stanley Bullock,female,5.8,1,1,szG707,97.08,io859,S
195,1,2,Daniel Gallagher,male,53.8,0,3,BlH592,64.5,RO388,C
196,0,3,Leah Acevedo,male,38.4,0,3,IIF188,14.71,ae801,C
197,0,2,Dawn Burch MD,male,26.8,4,1,kjZ125,22.77,Fv726,Q
198,0,3,Lisa Torres,male,10.1,2,0,UQs981,11.45,zd684,Q
199,1,1,Karen Smith,male,76.5,1,1,OAZ544,64.27,SO001,Q
200,0,1,Michelle Harrison,female,24.3,1,1,UOy052,72.11,bx066,C
201,1,3,Kayla Edwards,male,1.3,5,4,cBX242,95.32,Yc582,Q
202,1,3,David Sims,male,54.7,4,1,auz284,76.34,Uk199,Q
203,0,1,Thomas Dickerson,female,61.8,4,4,RIN969,51.03,bl508,S
204,1,3,David White,female,50.2,5,0,SCd900,82.93,Bt571,C
205,1,1,Timothy Mccoy,female,77.8,1,4,nab039,92.9,MS689,C
206,1,2,Jonathan Ryan,female,42.2,0,4,Vgp730,39.65,HK488,C
207,0,3,Jordan Herrera,male,34.2,0,2,opU380,40.02,UC792,C
208,1,3,Robert Miller,female,29.9,0,1,qBF765,38.59,Zu382,Q
209,0,1,Aaron Anderson,male,48.0,3,2,KfX255,93.78,ho646,Q
210,0,3,Riley Wagner,male,14.3,3,3,jeg101,58.23,vG336,Q
211,1,1,Nathaniel Morales,male,51.4,4,1,PEw260,23.9,er948,Q
212,1,1,John Chase,female,47.8,0,3,yDu127,15.2,IN464,Q
213,0,3,Miguel Davis,female,42.3,4,5,EQB999,17.42,Oy193,S
214,1,1,Gary Cardenas,male,31.9,4,5,Jrz751,93.92,BH761,S
215,0,1,Amy Pennington,male,66.3,2,5,iJx880,86.06,it850,Q
216,0,2,Barbara Moore,female,31.7,3,1,jTh231,50.9,UY598,C
217,1,3,Brittany King,male,57.4,1,5,Cwo042,30.97,iR368,C
218,1,1,Steven Briggs,male,1.5,1,3,KrK124,70.0,cO427,C
219,0,2,Joseph White DDS,female,61.1,4,4,wOw966,10.48,Xk476,Q
220,0,3,Frank Smith,female,48.8,1,1,PuZ435,21.23,qI805,S
221,1,3,Gary Lopez,female,26.9,5,3,Nek098,32.82,Kg860,S
222,1,2,Kaitlyn Wilson,female,74.7,4,2,NSn936,97.79,yI225,Q
223,0,1,Sharon Espinoza,female,74.8,2,4,GTZ424,15.6,Xf663,S
224,0,3,Adam Palmer,male,40.2,4,2,OTn656,21.31,Rx786,S
225,1,2,James Hunter,female,28.9,1,5,cKg694,71.5,Jo200,Q
226,0,3,Cynthia Dunn,female,72.1,4,2,Kpt131,73.47,ww570,Q
227,0,3,Eric Ballard,female,32.3,3,1,exu383,74.04,Hk319,S
228,1,2,Christina Gomez,female,7.9,0,4,eIT918,44.63,HV012,C
229,1,1,Sara Brown,female,12.6,2,0,aMN101,17.22,Nv921,Q
230,1,2,Brian Mcneil,male,53.0,0,2,GUH012,30.28,qr433,Q
231,1,1,Tom Cooper,female,38.7,0,4,qnZ657,21.44,Tu285,Q
232,1,3,Christopher Poole,male,38.1,2,2,miH320,28.37,xJ155,C
233,0,1,Jacob Vasquez,male,26.9,4,2,Raq619,26.77,sn161,S
234,0,3,Mary Hester,female,12.8,5,0,elk608,24.59,gO254,Q
235,1,1,Marc Vaughan,male,45.9,1,1,jny275,39.7,KU902,C
236,0,1,Jennifer Burke,male,68.2,4,3,KEo651,25.63,rR157,C
237,1,3,Virginia Jacobs,male,8.0,0,3,Xev431,52.16,Tn275,S
238,1,3,Vickie Gutierrez,male,31.6,2,1,aEe653,8.54,qa321,C
239,0,2,David Wright,male,41.1,2,2,XJh123,56.71,aF884,S
240,1,1,Jerry Davis,male,46.9,4,3,FKT915,72.94,pY340,S
241,0,1,Jaime Rodgers,female,60.5,3,1,Acj166,58.9,qO100,S
242,0,3,Michelle Price,male,44.9,1,4,dgf491,90.78,MV109,S
243,0,2,Gordon Reese,male,55.8,4,4,fds459,28.88,ZT345,C
244,1,2,James Glass,female,26.5,0,3,jJH604,69.07,rl288,S
245,0,3,Michael Quinn,male,28.3,1,4,FDw438,48.31,Rh329,C
246,1,1,Ebony Arroyo,female,56.0,5,5,Cpx506,46.38,Gw174,S
247,1,1,William Copeland,male,17.5,0,5,Uly510,50.92,hm966,C
248,1,1,Terry Allen,male,53.5,4,3,Czd945,50.95,YS007,S
249,0,3,Virginia Wyatt,female,38.9,5,5,jhK811,18.37,VH369,Q
250,1,3,Bobby Best,female,62.5,3,1,mTJ282,95.27,Rp887,S
251,0,2,Denise Thomas,male,73.0,4,3,GAL745,92.48,AF019,S
252,1,2,Dean Collins,female,50.3,0,4,sIO554,80.18,uq979,Q
253,1,1,James Myers,female,45.9,3,5,IOR333,62.42,Pp399,Q
254,0,3,Sonya Schmidt,male,69.0,5,0,oPx561,42.96,yx319,Q
255,1,2,Erica Shepard,male,22.3,3,0,JgK924,84.49,RS565,C
256,0,2,Laura Green,male,44.2,5,5,saV009,72.03,TS650,S
257,0,2,Kimberly Cooke,male,48.3,1,5,Fhk578,68.07,gk321,Q
258,0,1,Linda Manning,female,25.1,0,3,kEC952,87.7,Ne449,S
259,1,2,Adrienne Smith,male,75.7,4,1,xlW776,60.19,ls577,S
260,0,1,Terry Quinn,male,5.7,0,3,dqK735,89.54,Hd163,C
261,1,2,Melinda White,male,55.0,4,1,Kpy590,59.19,LL646,Q
262,1,1,Heather Cross,female,62.8,4,1,lEg858,14.2,Vb124,C
263,0,1,Chase Goodman,female,11.2,2,2,OnZ981,31.81,an875,C
264,1,3,Isaac Campbell,male,2.0,2,3,MhT522,9.36,qZ430,Q
265,0,1,Tracy Mills,male,70.8,1,1,TYc175,90.73,uN969,Q
266,0,2,Bailey Palmer,female,14.9,1,2,oGU188,41.4,rL130,S
267,1,3,Shannon Hernandez,female,59.4,1,5,ghP094,8.52,Kj117,Q
268,0,1,David Lawson,female,35.5,1,1,Qjr429,97.78,hB561,C
269,0,3,Laura Harrison,female,54.8,0,0,Piv032,7.5,jt069,S
270,1,1,Sarah Nguyen,male,11.5,0,1,XXr349,75.34,rV978,S
271,0,3,Kevin Robertson,male,22.0,0,2,WmR349,37.56,Cq484,S
272,0,3,Megan Hall,female,15.3,4,0,SWK118,15.93,Qj967,Q
273,0,1,Julia Mcdowell,female,28.0,4,2,BEv109,76.94,qn466,C
274,0,2,Sara Lambert,male,25.2,0,2,XGb800,81.05,cf121,Q
275,0,1,Joe Young,male,55.3,0,5,SpM653,42.12,kM971,S
276,1,3,Samantha Thomas,male,16.7,5,0,aTu935,5.51,sY397,Q
277,1,2,John Lawrence,female,64.1,1,1,Cdc446,37.56,cl438,S
278,0,2,Shelby Sheppard,female,45.7,5,5,eTp260,9.57,bQ021,C
279,0,1,Karen Lloyd,male,16.1,2,2,FXB970,6.51,Ee822,S
280,1,2,Amanda Collins,male,16.5,1,4,tdJ833,35.19,hv526,S
281,1,2,William Hancock,male,46.0,1,5,JpI913,61.82,dP502,C
282,0,3,Jorge Martinez,female,60.6,1,3,yYn522,23.59,kk603,S
283,1,3,Nicolas Livingston,female,23.8,3,0,ggp833,70.46,aj717,C
284,0,1,Phyllis Chan,male,67.8,4,5,Jre190,12.06,Gc114,C
285,1,2,Danielle White,female,7.5,4,2,WdZ771,63.34,zH510,S
286,1,2,Luis Brown,female,73.7,2,2,OgU622,98.78,RY917,Q
287,1,1,Paul Harris,female,11.6,2,4,AmS956,97.08,xt507,Q
288,0,1,Collin Martinez,male,28.9,5,5,WVg167,72.92,wr553,S
289,1,1,Pamela Davis,male,56.8,5,1,Kix040,58.73,Ak388,S
290,0,2,Pamela Hawkins,female,52.2,5,4,LOw096,5.5,Gd534,S
291,1,2,Whitney Rose,male,59.4,3,0,Uqm983,87.96,WP501,C
292,1,2,Brenda Wells,male,79.7,0,3,UiG085,88.37,uW601,S
293,1,2,Amber Vargas,female,45.3,4,1,LId469,64.31,hF515,S
294,1,2,Edward Ochoa,male,30.5,5,3,RCa584,47.06,rB089,Q
295,1,3,Michael Smith,male,60.1,4,0,onG701,94.87,TF805,S
296,0,2,Mr. Alex Beck,female,34.6,0,1,TwI740,53.81,XE234,C
297,0,3,Charles Potts,female,53.3,1,2,Cxm281,23.9,Mn233,S
298,0,1,Pamela King,female,33.9,4,5,MJU627,15.28,kq435,Q
299,0,3,Richard White,male,16.7,5,4,hZN968,58.3,nz968,C
300,1,2,Johnny Smith,female,63.1,0,3,VUV994,61.45,Ig706,S
301,1,2,Charles Keller,female,28.8,1,2,SsA634,7.7,st163,C
302,0,3,Tamara Jones DVM,male,21.3,3,4,LdE543,43.74,zQ068,Q
303,1,3,Timothy Martin,male,6.8,0,3,xQZ180,46.02,Vp991,S
304,0,3,Stacey Hill,female,7.5,1,5,Fml343,76.61,DQ679,S
305,1,2,Shawn Johnston,male,9.1,5,4,hbC219,58.58,Rk628,S
306,1,3,Frederick Richardson,female,74.2,4,2,fWJ703,34.61,sk560,C
307,1,3,Dwayne Smith,female,67.2,5,5,utj041,97.47,wL973,S
308,1,2,Jessica Mclean,male,39.6,5,4,KMC273,86.59,eT077,C
309,0,1,Robert Thomas,female,20.6,1,3,sjQ576,50.94,No755,Q
310,1,1,Kimberly Garcia,male,58.3,3,4,FBP354,55.57,LR010,Q
311,0,1,Jennifer Aguilar,female,41.1,2,5,Cpp505,96.18,ld552,S
312,1,3,Frank Miller,male,9.5,3,2,LEW983,18.08,QV393,Q
313,1,1,Joseph Roy,female,13.0,4,1,Rts567,89.64,DX845,S
314,0,2,Clifford Martin,female,21.0,3,5,nkL955,43.45,KD244,S
315,1,3,Cynthia Bass,male,19.2,5,0,rVy495,22.56,zt298,S
316,1,2,Troy Mendoza,male,24.8,2,4,yRW710,36.18,te285,C
317,0,1,Shaun Mack,female,76.3,2,3,faU024,63.0,sY135,C
318,0,2,Steven Stafford,female,11.9,3,4,jlD947,91.09,Rt216,C
319,0,1,Robin Floyd,male,17.8,4,5,hUD312,22.82,nU774,C
320,1,1,Gregory Clark,male,74.7,0,5,DMH487,50.62,Ry745,S
321,0,3,Benjamin Kelley,male,1.8,3,5,wqB080,30.88,IR094,S
322,0,2,Wesley Allen,male,2.7,3,1,KVk046,71.6,gQ433,S
323,0,3,Isaiah Diaz,male,71.3,3,3,iek981,72.5,Rz453,C
324,0,3,Steven Holmes,female,49.0,1,1,Sfr565,70.86,jl817,Q
325,0,2,Louis Smith,female,70.7,3,3,Cpr067,97.5,Nv694,Q
326,0,2,Theresa Murray,female,13.0,5,1,MuA094,53.96,ex609,S
327,0,1,Wesley Wheeler,female,4.3,3,4,axs901,80.94,cp595,S
328,1,2,Toni Garcia,male,76.9,1,1,ikZ263,58.84,zE796,C
329,1,2,George Hernandez,male,14.0,3,1,wzx875,69.11,XL143,C
330,0,2,Cory Summers,female,76.8,2,0,anO717,19.13,KT418,S
331,1,1,Peter Bryant,male,6.4,1,4,Iur304,86.4,ZH088,C
332,1,1,Rebecca Walters,female,76.2,0,5,wdd378,39.49,WA874,C
333,1,3,Robert Vaughn Jr.,female,53.2,3,3,YQq354,59.58,LA605,S
334,0,2,Victoria Turner,female,58.3,0,0,NQt839,20.39,WK684,S
335,0,1,Christopher Ramirez,female,33.6,5,1,jkm204,35.36,jR512,Q
336,0,2,Angela Williams,male,73.4,5,3,NfM712,47.26,FL282,C
337,0,2,Michael Webb,male,64.7,2,0,qCM865,34.83,lD852,C
338,0,1,Alyssa Elliott,male,6.4,2,5,PzH833,45.72,hv819,C
339,1,1,Tina Martinez,male,24.6,3,2,dwR874,79.78,Pm765,C
340,1,3,Leroy Armstrong,female,47.9,0,3,tIa736,56.9,bC346,S
341,1,2,Mackenzie Duncan,female,54.6,3,0,UYC089,9.26,fE446,C
342,1,3,William Reid,male,29.6,1,0,RZI428,72.87,Ps935,Q
343,0,2,Eddie Gordon,female,27.0,3,4,XMB705,47.61,mK948,C
344,0,1,Kathy Russell,male,9.4,5,0,QcD513,35.54,WU136,Q
345,0,3,Mrs. Courtney Ward,male,79.6,1,4,Upd918,57.67,iO085,S
346,1,3,Dana Mann,female,46.3,3,5,xgh963,64.99,nE932,S
347,0,3,Jason Pearson,female,46.6,4,2,Ewq746,91.43,YY823,S
348,1,2,Kevin Adams,female,40.9,2,0,CwZ463,13.05,su602,C
349,1,3,Charles Howard,male,25.7,0,2,AGf824,52.09,kS484,Q
350,1,1,Melanie Martin,female,14.4,2,3,coX920,36.07,Lo183,S
351,0,1,Francisco Medina,male,22.3,2,4,Ean015,62.94,Wg958,Q
352,0,2,Jason Maxwell,female,13.9,2,1,vdf277,98.79,Co226,Q
353,1,1,Maria Kim,male,44.2,3,0,hxI823,29.97,YA327,Q
354,0,1,Mr. Benjamin Dominguez DDS,male,41.6,3,3,Xyf306,84.97,dK336,Q
355,0,1,Jesse Wright,female,48.5,4,0,yfH558,53.32,ez429,S
356,1,2,Gregory Robbins,male,66.8,0,5,yLq033,68.59,nA483,Q
357,0,1,David Chang,male,77.2,4,5,YZe337,55.04,Dt128,S
358,1,3,William Horn,male,66.7,1,3,Crx867,29.43,uu940,S
359,0,3,Douglas Rogers,female,74.3,3,1,uDR690,82.29,Es196,S
360,0,3,Jamie Jones,male,5.4,2,2,ICw032,10.13,AK805,Q
361,1,2,Isaac Campbell,female,78.0,5,1,DqH540,77.29,Jc860,Q
362,1,3,Robert Ellis,male,76.4,1,1,TMI505,50.84,ZR764,C
363,1,2,Sarah Duncan,female,74.4,1,2,wUY041,26.86,jy971,Q
364,1,2,Heather Higgins,female,68.9,5,4,mbf136,15.86,kO946,Q
365,0,2,Joseph Stewart,male,76.7,2,3,REm658,20.73,YJ889,C
366,0,3,Paul Jackson,male,40.8,2,5,eju314,55.2,qF312,Q
367,1,2,Douglas Smith,male,45.8,3,2,QDb903,11.11,ym396,S
368,0,1,Jeffrey Lopez,male,21.3,3,1,EKr295,63.87,jl340,S
369,1,3,Mason Aguilar,female,60.0,0,0,jtE541,92.11,Qr177,Q
370,1,2,Alyssa Lambert,male,73.2,3,0,ewL604,47.58,bG430,S
371,1,3,Deanna George,male,18.8,3,5,lqU173,76.32,qe490,S
372,1,2,Mrs. Barbara Smith,male,79.7,1,1,SKC009,30.28,ZK877,S
373,1,2,Amanda Cummings,male,55.7,2,2,huF460,85.46,VH091,C
374,1,2,Douglas Barrett,female,65.2,4,4,igk237,10.31,GA579,C
375,1,2,Ryan Parker,male,73.9,2,4,Avk788,49.45,oo099,C
376,0,3,Mark Henderson,male,50.9,3,5,mtX246,29.96,uX228,C
377,1,2,Jorge Wilkerson,male,28.6,4,3,IqM476,31.49,CY186,C
378,0,1,Robert Miller,male,46.7,4,5,ziK830,24.78,Ln378,C
379,0,1,Shelley Ramsey,male,20.2,0,5,CwS210,65.47,Bs579,S
380,1,1,Jamie Johnson,female,73.3,2,0,cZs508,69.63,Os376,Q
381,1,3,Melissa Brown,male,23.1,1,4,yks363,16.7,ne000,S
382,0,1,Keith Grant,male,52.1,4,3,OSB321,51.65,WF318,Q
383,1,3,Stacy Huff,female,67.9,3,0,imb947,9.75,gt537,C
384,0,2,Michael Bryant,male,29.7,2,3,EeW351,55.26,mG015,Q
385,0,3,Jordan Mendoza,male,78.2,2,3,eCy704,28.5,Je319,Q
386,0,2,Angela Moore,female,21.2,1,4,LXj971,78.91,HV446,Q
387,0,3,Kevin Wang,male,54.9,5,1,CMN189,42.66,mD856,S
388,0,2,Mary Herman,male,67.8,2,0,sWw863,38.37,qf060,S
389,0,1,Steven Marshall,female,39.4,0,5,bDz529,46.63,hU100,S
390,1,3,Dawn Jackson MD,female,13.9,5,5,GZF091,23.03,cX745,Q
391,0,3,Amy Smith,male,16.6,2,2,Jom213,19.41,rg858,S
392,0,2,David Mckenzie,female,25.1,1,4,oOr674,82.99,CZ155,Q
393,0,2,Joseph Moody,male,23.6,1,5,IkV028,6.43,ej451,Q
394,0,3,Brenda Vega,female,59.6,2,5,RJG224,26.62,NQ454,C
395,0,3,Joseph Hernandez,female,18.2,2,3,CID009,77.68,Hk591,S
396,0,1,Janet Soto,male,29.2,1,3,KmH494,86.54,zP584,C
397,0,2,Peter Brock,female,72.0,4,4,xtO355,59.52,et665,C
398,1,3,Shelley Erickson,male,53.0,0,2,mqm774,58.18,NR386,S
399,0,3,Anthony Pacheco,female,57.8,0,1,fWq883,24.55,uE766,C
400,1,2,Richard Ferrell,female,23.4,0,0,kmR374,74.88,WR863,S
401,0,1,Zachary Johnson,female,6.1,3,1,WkN607,84.24,hj526,S
402,1,2,Laura Ward,female,74.2,4,0,npL331,45.41,yc426,Q
403,1,2,Amanda Harrison,male,5.7,2,0,FAD432,80.55,HB042,Q
404,0,1,Edward Lawson,female,43.3,3,0,OOo617,61.95,Yh783,S
405,0,3,Jacob Smith,male,21.1,5,5,ZYc142,15.8,ak140,Q
406,1,3,Omar Russo,female,28.6,0,3,vdk605,97.42,gj438,C
407,0,1,Katrina Cross,female,59.0,2,5,nKJ228,52.9,sC969,Q
408,0,1,Lisa Pena,female,25.6,2,5,FOz747,72.78,Hh962,C
409,1,3,Erin Jackson,female,66.9,3,0,NGq014,70.5,xG137,S
410,1,1,Hannah Rice,male,36.3,5,3,sIc225,12.54,AL922,Q
411,0,1,Melissa Schultz,female,26.0,0,0,FVb264,35.71,nW239,C
412,1,3,Michael Nolan,female,45.2,5,0,fUz407,52.38,mD827,C
413,0,2,Austin Smith,male,12.6,5,0,oNK244,84.0,zr904,Q
414,0,1,Jack Hutchinson,male,28.1,0,0,CyJ549,62.24,OV929,Q
415,0,2,Sandra Gilbert,female,35.9,0,5,KxV926,81.78,Fx651,S
416,1,3,William Moss,male,59.4,5,4,Csv619,69.01,DA296,Q
417,1,1,Katherine Beck,male,26.1,5,3,XlP147,46.5,Kv106,Q
418,1,1,Richard Henson DDS,female,76.1,5,2,gpM945,46.88,QA783,S
419,1,1,Susan English,male,3.3,4,0,UUL458,74.85,if639,C
420,1,1,Suzanne Stark,male,38.8,5,0,Egn096,23.11,ID905,S
421,1,3,Tyler Johnson,female,7.1,0,3,kUK015,97.02,TM203,C
422,0,2,Mark Mcintyre,male,46.0,5,5,pRZ273,68.22,pW656,Q
423,0,3,Jessica Greene,male,72.8,1,4,cMW607,69.85,bH296,C
424,1,1,Scott Wilson PhD,female,22.8,5,2,FHw671,69.25,zN535,C
425,1,1,Christopher Wallace,female,33.3,5,1,xLm852,91.51,cP936,Q
426,1,2,Thomas Massey,male,30.2,0,4,fgM649,56.4,sw702,C
427,0,1,Russell Clark,male,65.4,4,4,Pxr593,23.19,sJ778,Q
428,1,1,Julie Jennings,male,61.7,2,2,nQX192,63.21,Ok743,Q
429,0,3,Melissa Barber,male,53.7,2,4,Ajp379,96.61,OQ799,C
430,0,3,Christie Chung,male,65.2,1,5,JcU728,92.79,bg097,S
431,1,3,Brenda Mack,male,7.8,5,4,phn085,20.25,fj666,S
432,0,2,Dylan Morrison,male,25.1,3,5,jgM472,72.2,sh279,Q
433,0,1,Julie Ward,male,39.4,5,1,hVP631,33.56,uI674,C
434,1,2,Brian Gallegos,female,14.0,2,1,wYA033,92.87,dr513,S
435,1,2,Natasha Garcia,female,49.8,5,0,icc839,93.95,ue797,Q
436,0,1,Dustin Lucas,female,4.7,3,4,uHu846,32.3,IH793,Q
437,1,2,Nathan Williams,female,18.4,3,4,ixB215,53.61,id686,Q
438,0,3,Emily Richardson,male,68.2,1,1,XDx568,15.28,wX348,S
439,1,2,Jennifer Hoffman,male,63.9,3,3,LbM312,59.67,gW151,Q
440,1,1,Scott Davis,male,77.6,3,5,QiN629,76.77,YN898,Q
441,0,1,Todd Stark,female,29.5,3,0,Xdi774,81.74,Zn067,S
442,1,2,John Ritter,female,7.6,2,5,xGe931,23.07,Lm289,S
443,1,2,Kimberly Richardson,male,42.6,1,0,zUg609,64.13,Ua177,C
444,0,1,Tanya Marquez,male,27.5,4,3,lgN542,96.06,yr541,S
445,1,3,Joseph Parker,male,41.3,2,3,qQG968,60.08,eg266,Q
446,0,1,James Tucker,male,43.4,1,1,jtF414,26.36,Pm178,Q
447,0,1,Daniel Butler,female,54.5,1,5,lwL137,84.36,oH563,C
448,1,3,Danielle Harrell,male,18.9,2,5,Ryr555,77.42,QX764,Q
449,1,2,Jonathan Diaz,female,39.1,5,2,yvc089,97.37,Ti246,S
450,1,2,Jennifer Flores,male,57.3,2,5,ooB629,84.86,uo490,S
451,1,3,Dawn Burns,male,48.6,4,5,orC315,81.28,Ei359,S
452,0,2,Jeremy Robinson,female,35.3,4,1,KRW897,94.92,aU592,Q
453,0,2,Alicia Edwards,male,19.7,5,0,zhk243,55.42,Lw676,S
454,0,1,Juan Lindsey,male,60.4,3,3,TZb136,86.83,Nk202,S
455,1,3,Brian David,female,44.9,1,5,OrO972,47.73,SJ409,S
456,0,1,Thomas Fitzgerald,female,61.6,1,1,HhA773,59.73,RG174,Q
457,1,3,Kathleen Howard,female,14.8,2,0,bho309,23.74,Mg121,Q
458,1,3,Anne Atkins,male,37.0,2,2,sXs212,28.15,Si393,C
459,1,1,Christopher Wilson,male,8.6,5,5,Rch485,53.19,nH508,S
460,0,1,Jose Smith,male,8.8,5,1,MfB520,81.79,cz959,Q
461,0,3,Derek Smith,female,34.0,2,1,hSE897,17.06,yE983,C
462,1,1,Kayla Jenkins,male,25.9,1,5,XYQ830,95.6,TT826,Q
463,1,3,Curtis Levine,female,54.1,0,4,Dnf162,61.79,DV212,Q
464,1,3,Michael Henderson,male,42.1,2,1,WBt988,9.26,IJ652,Q
465,0,1,Nancy Hall,male,60.4,1,1,JYh475,82.33,sc435,Q
466,1,2,Kimberly Green,male,19.9,4,4,AtK883,7.31,kV417,C
467,1,1,Carol Washington,male,62.9,2,2,SXO323,86.41,Kp953,S
468,0,1,Shawn Matthews,male,30.9,2,3,mXc859,62.05,VV390,Q
469,1,3,Shane Romero,male,29.6,5,2,yPv906,87.25,jz445,C
470,0,2,Kristin Smith,female,48.7,0,0,jmw181,40.87,lT919,S
471,0,3,Douglas Stevens,male,62.3,4,2,SOe932,56.58,jl157,S
472,0,1,Stephanie Greene,female,62.1,3,0,Hzu182,19.26,Pn421,S
473,0,3,Pamela Padilla,male,14.1,5,5,qXW851,8.34,kg243,C
474,1,2,Christopher Barnes,male,59.2,1,2,cFm704,96.33,nt500,S
475,1,2,Christopher Shelton,male,75.3,0,3,WMr518,88.98,TM964,S
476,1,2,Michael Gonzalez,male,76.6,0,1,UMD658,11.99,ao830,Q
477,1,3,Craig Johnson,male,20.0,4,2,Vgl913,35.24,NX528,C
478,0,1,Patricia Jones MD,female,24.4,1,0,VSl714,76.04,ft458,C
479,0,3,Anthony Hall,male,19.4,3,4,Wqr064,10.4,rL286,Q
480,1,1,Yesenia Stewart,male,70.5,3,5,OKY818,31.73,sH277,Q
481,1,2,Carl Flores,female,60.5,3,4,OoO121,45.51,Az221,S
482,1,3,Christian Huerta,male,64.7,0,4,YvU591,25.91,uA436,S
483,0,1,Courtney Thompson,female,11.0,2,2,zzQ500,97.05,kn469,Q
484,1,2,Ashley Gates,male,36.3,0,3,pmo989,69.9,ot234,Q
485,0,1,John Morris,female,29.1,2,4,yml356,15.78,Aw840,Q
486,1,1,Logan Anderson PhD,male,24.1,3,3,fQp869,7.77,DI579,C
487,0,3,Robert Martinez,male,78.8,4,3,Tnz032,50.0,Nk972,S
488,0,3,Adam Wright,female,42.2,0,0,jPs896,44.94,av914,S
489,1,3,Sandra Whitaker,female,8.2,3,0,yGu533,68.16,HR940,Q
490,1,1,Jose Peters,female,12.9,1,1,PAu542,30.85,lE802,Q
491,1,3,Charles Moore,male,30.7,0,5,WOO258,97.1,Fg936,Q
492,0,1,Matthew Lambert,female,70.4,1,5,oqQ410,63.79,Wb924,S
493,0,2,Aaron Carter,female,61.5,2,5,QUr858,15.17,Hp982,S
494,1,3,Nicholas Phillips,male,2.9,1,2,Sgc516,99.49,sA144,C
495,0,1,Stephanie Lee,female,13.4,5,4,DiI094,39.68,PU318,Q
496,1,1,Sandra Oliver,male,15.7,0,5,bou681,15.04,Pr152,Q
497,1,2,Terry Vargas,female,78.7,3,4,sGJ795,98.91,QE451,S
498,0,3,Michael Ross,male,25.2,0,1,ENN125,25.12,vj962,S
499,0,3,Peter Gonzalez,male,13.1,1,4,fRA465,45.72,Xb282,C
500,0,3,Jeremy Harris,female,31.4,3,3,QFe705,70.27,Mf860,Q
501,1,1,Michael Martin,female,14.8,1,3,eMY823,87.7,EH158,C
502,0,1,Timothy Walker,male,19.8,5,5,Vfv730,19.56,On993,Q
503,1,3,Haley Arnold,male,67.7,0,2,Ouq556,20.09,iP848,Q
504,0,3,Ronald Reilly,male,11.6,2,3,Lec255,6.52,JI801,Q
505,1,2,Peter Robinson,male,65.6,2,4,LqJ303,60.0,FB373,S
506,0,2,Victoria Williams,male,64.8,2,1,MYk018,43.62,fk278,C
507,1,2,Peter Allen,female,68.4,1,0,fFM899,95.62,RQ521,S
508,0,2,Autumn Larson,female,57.3,3,0,bVz768,52.19,BJ643,S
509,1,3,Nicholas Peterson,female,4.3,5,0,Ggd597,96.04,ZX271,C
510,0,3,Christine Garcia,male,43.5,5,0,vNO640,29.98,pg249,C
511,1,2,Scott Carter,female,1.6,4,4,dFh049,6.96,aB093,Q
512,1,2,Sandra Zimmerman,female,67.2,3,5,loJ960,92.14,um971,Q
513,1,2,Amy Washington,female,21.0,4,0,OnG106,38.49,ld053,Q
514,1,3,Ashley Kim,female,15.2,2,3,HmB092,51.2,SU234,C
515,0,2,Michelle Brown,male,5.3,2,3,YAk417,18.37,Yy880,Q
516,1,3,Jacqueline Garcia,female,44.1,5,0,kUQ387,69.32,tg443,Q
517,0,2,Eugene Butler,female,25.6,3,1,VOf062,71.21,SJ066,S
518,1,2,Brian Woods,female,79.3,2,1,nli992,99.46,qt596,Q
519,1,2,Sandra Thompson,female,41.3,3,0,WGO937,92.31,tt602,C
520,0,3,Cody Sandoval,female,33.9,5,4,Jbp606,87.65,kg681,S
521,1,1,Paige Le,male,65.2,5,0,RGd654,92.77,rG620,C
522,0,1,Michael Armstrong,male,76.3,4,3,cVy106,62.34,ZZ104,S
523,0,2,Zachary Walton,male,40.5,4,4,XJr977,17.32,gG474,C
524,0,1,Andrew Taylor,male,11.6,3,4,Emk209,68.15,kq510,S
525,0,2,Jerome Cox,female,42.7,1,5,fen926,61.1,ak849,Q
526,1,2,Samuel Mathis,male,29.9,1,3,SkI456,65.79,Vi834,Q
527,1,1,Omar Pittman,male,33.1,5,3,CMz614,20.67,hx116,S
528,1,2,Stephanie Ayers,female,67.5,2,1,FOR770,90.88,CW030,S
529,0,2,Curtis Ayala,female,72.6,4,0,XbJ297,99.67,qR897,C
530,1,1,Kaitlyn Adams,female,29.7,5,1,CfA663,30.16,jv066,S
531,0,3,Cody Cruz,female,70.3,4,4,YPF635,5.07,hv979,Q
532,0,2,Angela Wiley,male,40.9,4,4,mnj293,28.55,AA123,S
533,0,2,Nicholas Fisher,female,33.0,1,5,pcc334,24.7,lN234,C
534,0,1,Margaret Rodriguez,male,50.8,2,3,HGZ113,63.29,iK480,S
535,1,2,Ashley Bates,male,46.8,5,0,ehl983,57.8,Dy580,Q
536,1,1,Stephanie Graham,female,19.2,4,0,NDA470,39.49,Pr645,S
537,0,2,Connie Black,female,75.1,3,3,wVK351,34.5,zG036,C
538,0,2,Jennifer Mitchell,male,66.3,0,0,xiN563,29.76,YU087,S
539,0,2,Jennifer Smith,female,26.6,1,1,YoB518,90.63,fK974,C
540,1,1,Marvin Pugh,female,18.8,4,5,KqV097,51.43,bt372,S
541,1,1,Jessica Anderson,male,14.0,0,2,AHZ118,18.89,oc944,C
542,1,1,Daniel Moore,female,11.7,0,5,pnL778,34.96,oe300,Q
543,0,3,Christine Hunt,female,27.7,4,0,VPn367,20.43,cS850,C
544,0,2,Brad Herman,female,64.2,2,1,lye325,25.7,cc305,Q
545,1,3,Timothy Howard,male,53.0,5,2,Kpv846,89.63,uR897,Q
546,0,1,William Wilson,male,67.3,2,5,hnX672,62.9,Ei305,S
547,0,2,Joshua Espinoza,male,19.6,1,1,qgL603,27.23,HF877,C
548,1,3,Jennifer Hunt,female,11.1,2,5,EsI313,90.94,js944,Q
549,1,3,Matthew Sanchez,female,30.8,2,1,Bin077,67.06,KW868,C
550,1,2,Timothy Smith,female,35.8,5,2,LPO303,78.53,Tt833,C
551,1,2,Nathan Rojas,female,21.5,3,2,daz594,72.61,PH937,C
552,1,2,Chelsea Singleton,male,14.0,5,3,vDk128,97.93,Pz889,Q
553,0,2,Eduardo Watson,male,39.8,3,5,WLw668,95.51,Bu238,S
554,1,1,Ricky Stephenson,female,42.4,5,5,Bhj566,9.94,jp673,S
555,0,1,Jessica Carey,female,13.1,1,0,Mye891,45.59,HQ234,S
556,1,1,Jessica Ward,male,78.1,0,0,lfj949,55.37,MH890,C
557,1,2,Stacy Collins,female,40.8,1,1,yak378,55.15,jq482,C
558,1,3,Noah Owens,female,32.3,3,2,bxk709,75.35,dC535,S
559,1,2,Kerry Hays,female,66.8,1,1,Ruz700,50.1,Zh034,C
560,1,3,Selena Shannon,female,77.6,0,2,wwZ788,40.44,cE639,C
561,0,3,Jesse Schmidt,female,39.4,5,1,FFj702,94.9,dc726,Q
562,0,2,Kyle Frederick,male,30.5,2,2,pAP560,61.15,dV333,S
563,0,3,Thomas Wilson,male,28.7,3,1,meY397,82.01,ML865,C
564,1,2,David Jarvis,female,38.5,4,4,icO239,31.64,NI303,C
565,0,1,Kelly White DVM,female,1.1,0,1,Mxf041,95.72,gS087,Q
566,1,2,Gregory Clark,female,35.0,5,5,mGE700,7.39,uI009,Q
567,1,2,Tyler Cox,female,72.8,5,1,XUk802,46.64,dB934,Q
568,1,1,Gina Cardenas,female,18.0,4,2,qvX452,15.96,pZ997,S
569,0,2,Brianna Khan,female,68.7,2,4,QbU528,50.8,Fn085,S
570,0,3,Michelle Nguyen,male,17.9,0,2,HOI575,50.6,AG571,C
571,0,3,Anna Fisher,male,65.1,2,0,kTO145,74.93,cb736,Q
572,0,1,Sarah Walters,male,51.1,4,4,Hir389,98.27,fA658,S
573,1,3,Michael Black,male,34.3,2,4,FZa413,89.87,kQ785,C
574,1,2,Terrance Young MD,male,59.7,4,2,KFr090,17.62,PJ480,S
575,1,3,Cynthia Mejia,male,7.2,4,0,aOx357,6.91,IA694,C
576,1,2,Timothy Johnson,female,40.3,4,5,tkZ104,92.19,mJ365,S
577,0,1,Robert Chandler,female,27.8,5,5,LDW744,21.54,ic442,C
578,1,1,Jennifer Sosa,female,71.5,1,1,KXP551,47.05,Tj032,S
579,0,3,Meghan Henderson,male,63.0,5,3,BPT210,42.7,AN776,C
580,1,3,Jennifer Arias,female,25.6,0,4,qTe181,73.24,VL220,Q
581,0,2,Gregory Collins,male,45.3,4,0,zGE459,94.4,LC890,S
582,0,3,Teresa Taylor,female,3.9,4,2,RqI149,11.58,Fh948,C
583,1,3,Sarah York,male,65.9,5,0,kYO832,5.07,gz127,C
584,0,3,Olivia Diaz,female,29.6,0,5,opo222,9.73,qI153,S
585,0,1,William Pena,female,7.0,2,1,IVK555,81.27,aN918,S
586,0,3,Jennifer Peters,male,33.0,5,2,TSG602,92.85,Na127,Q
587,0,2,Misty Barber,male,70.6,2,1,ESx852,76.37,ak522,C
588,1,1,Crystal Myers,female,48.3,5,5,LMi679,35.28,gH191,S
589,0,1,Keith Johnson,female,27.2,5,3,MTD207,42.7,kp241,S
590,1,2,Bryan Barr,female,32.3,2,2,pcf980,25.83,Jg081,C
591,1,2,Sonya Reed,female,46.2,0,1,GQF116,15.28,XM236,S
592,0,3,Laurie Valenzuela,female,76.7,1,3,dEJ031,31.34,eY951,C
593,0,2,Tommy Waters,female,25.7,4,2,FYT308,72.81,nK303,Q
594,0,1,Gabriel Garcia,female,62.3,5,5,tOb995,84.11,aC692,C
595,1,3,David Fernandez,female,36.2,3,0,NQX541,88.06,Ke090,C
596,1,3,Brandon Mullen,female,18.9,0,5,ymw960,53.67,YT188,Q
597,1,3,Lance Stuart,female,28.6,4,1,cFS002,89.22,hv251,C
598,0,2,Catherine Cruz,female,57.8,2,3,dTW205,7.18,jn922,Q
599,1,3,Matthew Walker,female,52.7,1,4,GBK237,26.04,qC709,S
600,0,1,Mary Cooper,male,19.2,1,5,jfI490,60.76,Wc522,C
601,1,2,John Hale,male,48.2,1,5,dHY724,85.51,Qw077,Q
602,1,3,Erin Robinson MD,male,13.4,4,1,wdl693,26.17,vW634,S
603,0,1,Juan Griffith,female,45.4,0,0,nbs255,66.89,aw387,C
604,1,3,Susan Stewart,female,48.4,3,0,Vow072,38.29,Dw380,S
605,0,1,Virginia Mccarty,male,61.5,1,2,rkY519,81.9,Po556,C
606,0,1,Frank Green,female,12.2,2,1,yJR007,17.63,yx218,Q
607,1,1,Donald Rivera,male,73.0,4,4,aPD552,91.08,aD923,C
608,0,1,Carrie Leonard,female,6.2,1,3,REZ168,97.51,Fh255,Q
609,1,2,Daisy Rivera,male,5.7,0,2,yxO591,92.95,YS490,C
610,0,1,James Gonzales,female,44.8,2,0,gQH701,91.88,HS166,Q
611,0,2,Patricia Mccarty,male,45.8,1,3,Vvg090,39.15,sw840,C
612,1,3,Travis Holland,male,11.4,4,4,RJe122,56.35,JX140,C
613,1,2,Joseph Hill,female,64.6,5,0,Ewp603,95.56,cM330,C
614,0,2,Christopher Carter,male,72.3,3,2,LIf880,69.42,DF526,S
615,0,3,Henry Johnson,male,37.1,1,1,Vxk076,58.49,SB909,C
616,1,2,William Alvarado,male,11.0,4,2,uPC659,90.42,cj191,Q
617,1,2,Kim Dyer,female,48.2,0,3,MnN751,69.62,KZ046,S
618,1,2,Yvette Sullivan MD,female,5.9,5,2,liF797,99.64,UU362,C
619,1,3,Emily Simpson,male,74.1,3,1,SBB572,95.24,iU078,C
620,0,1,Melissa Ortiz,male,23.9,1,1,zRx868,78.64,gc755,Q
621,1,3,Arthur Hayes,male,3.1,1,1,baT947,67.47,zA886,S
622,0,3,Melissa Rodriguez,female,55.7,5,5,naV601,16.48,YQ037,C
623,1,3,Joshua Mullen,male,42.5,5,3,TLG837,76.84,pQ761,S
624,1,2,Christopher Holland,male,35.1,4,5,COI512,98.18,CM225,S
625,0,3,Daniel Casey,male,35.7,5,4,YdL651,81.16,By102,C
626,0,2,Dean Jones,female,36.5,0,0,rFM482,37.76,rl459,Q
627,0,2,Daniel Allen,male,65.7,1,3,bve926,44.32,OX461,Q
628,1,3,Melissa Meadows,female,30.1,1,2,RkR612,13.08,zd555,Q
629,0,1,Ashley White,female,28.4,4,1,LYd641,97.13,OS652,C
630,0,3,Sara Mitchell,female,43.4,2,1,yfo668,29.39,ej451,C
631,0,1,Sarah Martin,female,8.8,1,3,ngS920,38.24,Az775,C
632,0,3,Christina Harmon,male,11.3,5,3,PCz590,90.32,jP608,C
633,0,3,Barbara Daniels,female,64.2,1,2,eiz086,19.22,FA257,S
634,1,1,Thomas Arnold,male,3.9,1,4,XLH476,92.99,Hd829,Q
635,1,3,Thomas Rodriguez,female,78.2,0,5,BfW570,89.92,BM767,S
636,0,2,Valerie Lane MD,male,77.5,5,4,qvo371,16.12,dJ988,C
637,1,3,Brenda Hudson,male,26.7,5,3,Uhh184,32.9,Ch363,S
638,0,1,Jonathan Powell,male,54.3,1,1,sQg861,15.27,To644,S
639,0,2,Emily Holland,female,56.3,3,0,Bxj292,61.61,li839,S
640,1,3,Paul Olson,male,35.1,3,5,bBV706,26.72,PF108,C
641,1,2,Elizabeth Christensen,male,15.6,0,5,JeR932,66.75,LD810,Q
642,1,3,Gregory Thompson,female,48.3,1,2,fqs983,84.22,Kk104,S
643,1,2,Anthony Walters,female,72.4,4,4,Dpu881,49.58,Yn083,C
644,0,2,Jacob Jackson,female,69.8,0,2,pLq921,42.6,hQ994,C
645,0,1,Hannah Tucker,female,45.5,3,0,bHk514,17.42,IQ873,Q
646,0,2,Julie Cherry,male,30.3,3,4,yRC220,48.36,aD314,C
647,0,1,Lynn Howell,male,62.0,0,4,LPV463,62.41,Do935,Q
648,0,2,Amy Little,female,33.5,1,2,Eon999,57.32,Co565,S
649,0,2,Judith Juarez,male,67.8,5,2,TvE546,61.41,Ac360,Q
650,1,3,Tiffany Fisher,female,44.0,3,3,FRt984,95.93,Ph764,S
651,1,2,Kirsten Mendoza,female,16.1,1,1,olf174,5.94,vJ874,C
652,0,3,Meghan Williams,female,7.5,0,2,oBz346,68.47,BW001,S
653,1,1,Jessica Moody,female,40.0,3,0,FmF691,83.17,le446,Q
654,0,2,John Rogers,female,58.6,2,2,oKl790,74.22,hB573,Q
655,0,3,Jeremy Wilson,female,48.4,2,2,kjT307,66.08,MH262,C
656,1,3,Ruben Moon,female,18.5,1,0,dXK839,9.05,Xk312,S
657,0,3,Michelle Robinson,male,71.6,4,4,jWH152,97.07,Sm393,C
658,0,2,Sheri Dunn,male,16.7,5,0,BlH947,93.04,vs607,C
659,0,2,Karen Bradley MD,female,31.1,4,0,BGC379,45.39,Ow346,Q
660,0,3,Bailey Morrison,female,38.2,2,0,EFw091,26.82,Ze555,S
661,1,1,Jason Brown,male,66.9,0,5,tVr414,65.28,NE918,S
662,1,2,Dr. Amanda Lambert,female,30.1,5,5,wrA646,49.29,fz982,C
663,0,1,Derek Allen,male,22.0,3,3,IfJ128,67.14,Se685,C
664,0,3,Steven Joyce,female,16.4,4,5,pcy125,95.41,gq675,Q
665,0,1,Joshua Gallagher,female,69.4,0,2,PfM795,83.78,Xg597,Q
666,0,3,Ashley Serrano,male,49.6,3,5,pEE623,73.83,xv657,C
667,1,3,Scott Martin,female,49.8,3,1,cNk673,48.66,qm498,Q
668,1,3,Michael Taylor,female,20.5,2,5,Dto962,7.67,Hi415,Q
669,1,3,Shane Obrien,female,20.9,2,4,kPb828,51.28,Jn874,Q
670,1,2,Troy Thomas,male,35.7,4,2,knX700,71.4,oP447,C
671,0,1,Tanya Wood,male,6.5,0,2,HMf611,66.54,WP761,S
672,1,2,Thomas Price,female,13.4,1,1,jFY987,31.45,WF669,S
673,1,1,Angela Jones,male,28.8,1,2,iYG808,96.83,Fn671,S
674,0,3,Elizabeth Stuart,male,20.5,2,5,Xjm559,79.58,XW531,C
675,0,2,Michele Gay,female,45.7,5,3,lhI431,23.91,nG317,C
676,1,3,Alexis Harris,male,14.1,4,3,iKI858,78.78,bD071,S
677,1,2,Matthew Patel,male,19.0,5,4,MUJ141,25.88,sX956,C
678,1,1,Kevin Reynolds,female,41.1,1,3,YnL628,76.37,lL839,Q
679,1,1,Jennifer Johnson,female,53.5,4,3,lWb615,41.95,vE587,C
680,1,2,Mary Campbell,male,53.4,3,3,Mqc327,96.44,Ts139,S
681,0,2,Crystal Soto,female,3.6,1,3,ELd925,72.92,za049,C
682,1,2,Cynthia Peterson,male,25.8,0,0,MrJ619,67.36,dy966,S
683,0,2,Brendan Pennington,male,44.1,5,0,yid713,33.7,hR597,S
684,1,3,Allison Henderson,female,22.9,5,5,OJV461,17.61,mL208,S
685,0,1,Marie Griffin,female,24.2,5,1,AEk909,15.04,Zj826,S
686,1,1,Karen Matthews,male,31.3,2,3,YSj733,33.84,Ug990,Q
687,0,3,Evan Ward,female,58.2,1,0,oDR383,45.8,tt498,S
688,1,1,Dillon Jordan,female,40.2,3,4,BOE770,25.48,TY926,Q
689,1,2,Angelica Mason,male,40.1,4,4,fZM692,14.48,rb126,C
690,0,2,Dylan Reyes,female,80.0,0,4,iwM717,60.02,xF110,Q
691,0,3,Mike Washington,male,37.5,4,2,xUh651,13.53,wO320,Q
692,1,1,Tanya Mendoza,female,11.6,1,5,HtB000,14.97,ut811,S
693,0,1,Richard Anderson,male,48.0,3,4,BqP661,64.35,na573,C
694,0,1,Stacey Jimenez,male,46.0,2,4,npU296,52.37,cj211,S
695,0,3,Michael Norris,male,71.0,1,5,FRE810,59.91,Qk745,Q
696,0,1,David Martinez,female,70.9,2,1,ANc778,45.53,TN272,S
697,0,3,Kristen Welch,male,1.1,2,2,fIV403,99.01,zm844,Q
698,1,1,Elizabeth Perkins,female,29.9,4,1,Ucj598,71.59,UL416,S
699,0,2,George Fischer,male,36.6,1,1,exm688,35.67,fX730,C
700,0,3,Andrea Hogan,female,51.3,3,4,jVb841,44.04,lL773,S
701,0,3,John Rice,female,31.3,5,5,Jpp752,50.51,Qy052,S
702,0,3,Jerry Keller,male,2.6,4,0,lCG409,49.56,ib795,S
703,0,3,Steve Aguirre,female,45.9,5,2,kMT589,11.34,RW886,Q
704,0,3,Jason Peterson,male,63.7,1,4,hkP747,79.84,no901,S
705,1,2,Erin Lee,female,13.8,1,2,CVg176,41.35,yk330,C
706,1,3,Brian Miller,female,7.0,0,0,JNR663,54.62,HT103,S
707,0,1,Sally Perry,male,12.1,4,5,AYY892,88.54,eI571,C
708,1,1,Kimberly Martinez,female,48.2,3,5,Kht539,82.54,OV702,C
709,0,2,Steven Ramsey,male,40.8,3,5,upc583,97.54,Oz656,C
710,0,2,Alexander Shelton,female,75.4,0,3,ARS485,55.54,OG697,Q
711,0,3,Aaron Frazier,male,34.6,0,5,DQs974,71.41,aW469,C
712,0,2,Lindsay Barnes,female,15.1,2,5,Cnk971,82.98,lf256,S
713,0,2,Michael Villegas,male,37.7,0,1,hXq839,94.2,yp945,Q
714,0,1,Tammy Brown,female,47.0,3,1,NIj951,93.57,mF473,C
715,0,1,John Foster,female,70.8,5,5,QIO536,83.54,Ux644,Q
716,1,1,Pamela Robertson,male,28.8,0,1,bxZ341,98.4,Cb177,Q
717,1,1,Darrell Cobb,male,33.5,3,1,nnR192,25.92,eF278,C
718,1,2,Jonathan Dixon,male,26.9,2,5,Gjb054,53.17,lV954,Q
719,1,3,Megan Brown,female,8.9,2,2,Ard362,61.7,Cm395,S
720,1,3,Kathleen Foster,male,63.5,1,4,WnA378,66.21,Pd142,S
721,1,3,Tyler Wilson,male,69.9,4,2,Mkq384,35.64,lR679,S
722,0,3,Paul Davis,male,75.2,1,0,Cvd973,69.39,yl195,C
723,0,2,Tracy Choi,female,27.4,4,4,Mfp843,93.74,gE602,S
724,0,2,John Phillips,female,74.3,1,3,FOn725,97.23,Fr911,C
725,1,2,Leslie Mata,male,34.1,0,3,KhO251,93.1,SH873,C
726,0,3,Debra Griffin,male,39.1,3,2,tAf189,57.57,Wm373,S
727,0,2,Linda Munoz,male,65.4,3,4,cOX048,11.55,sv068,C
728,0,1,Debra Hughes,male,14.2,3,1,qwg656,54.88,AY012,Q
729,1,2,Kenneth Lloyd,female,47.7,0,1,OgA424,63.86,aN770,S
730,0,2,Emma Nguyen,female,48.1,4,3,rwY775,19.68,eM984,C
731,1,2,Richard Barr,female,28.1,5,0,KyZ197,58.86,tq643,Q
732,1,1,Samantha Maldonado,male,61.7,5,5,zgT950,38.2,HF645,Q
733,1,2,Kristen Snyder,male,25.9,3,4,AgM919,56.3,XL799,C
734,0,2,Shawn Allen,male,20.4,3,1,bbY138,14.08,Ie863,C
735,0,1,Jeffrey Hunter,male,41.2,1,5,VSK712,69.07,vj957,S
736,1,1,Keith Williams,male,4.8,3,1,PlJ719,43.63,XR578,S
737,1,3,Amy Harper,female,57.7,3,1,bkG071,63.54,Pl976,S
738,0,2,Laura Hernandez,female,74.9,5,4,nJX322,28.9,It069,S
739,1,3,Chad Reyes,male,59.2,1,5,Imr198,13.3,Fc587,Q
740,1,3,Victoria Watts,female,45.1,0,5,UqD455,59.88,Gc079,Q
741,1,2,Curtis Durham,male,70.0,1,4,MBU527,73.4,hp446,Q
742,1,1,Anthony Dickerson,male,50.7,0,0,TwY093,48.02,kp180,C
743,0,1,Bobby Perkins DDS,male,70.4,5,3,bdX845,25.43,IT444,S
744,0,2,Jennifer Williams,male,65.7,1,1,gDh023,69.07,PD707,C
745,0,3,John Thomas,male,40.3,1,0,biX442,43.18,ki230,S
746,0,2,Christopher Weber,male,79.5,2,5,tqn157,17.34,Tv085,S
747,1,2,Jessica Watkins,male,29.7,1,2,vwS568,18.36,Ag822,C
748,1,1,Terry Church,female,17.5,4,1,zZW481,22.37,vi032,Q
749,1,1,Kendra Vasquez,male,2.8,0,2,DuW040,99.44,Hf400,C
750,0,1,Diane Simon,female,31.7,0,2,asY819,62.28,PR400,S
751,0,3,Diana Johnson,female,66.1,5,5,KDw547,53.6,UF139,C
752,1,3,Mark Moore,female,46.0,2,3,bYd534,69.23,qQ398,C
753,0,3,Jeffrey Tate,male,58.1,4,5,ytA631,89.19,Ve317,S
754,1,2,Andrew Medina,male,19.8,4,4,LuO047,18.1,JH174,S
755,1,3,Edward Wilson,female,37.8,0,3,ssp087,42.34,Yt143,C
756,0,2,Sarah Jones,female,66.8,1,1,dSi981,49.57,Dh598,C
757,0,2,Tara Black,male,42.5,4,2,BeT647,51.57,BR418,Q
758,0,3,Bradley Stokes,female,17.7,4,5,KXZ262,6.52,lB270,Q
759,0,1,Alyssa Davidson,male,4.6,5,4,JLC674,6.02,fV841,Q
760,0,2,Christine Peterson,male,74.0,3,4,JGP629,65.58,XX571,C
761,1,1,Denise Carter,female,25.4,1,5,FUe025,17.53,uC825,S
762,1,2,David Lee,male,2.9,4,3,tJh228,49.87,IQ086,S
763,0,3,Jerry Prince,male,9.3,2,1,ZdW488,87.41,aa620,S
764,0,3,Amanda Johnson,female,23.1,0,2,Hfa780,86.12,jG472,C
765,0,2,Tara Malone,male,29.0,2,2,GCe655,65.16,Cr396,S
766,0,2,Amanda Miller,female,65.2,3,3,fNI429,62.35,PC969,C
767,1,1,Richard Ball,female,15.8,3,3,GRV351,40.32,rg965,S
768,1,1,Joann Patterson,male,32.9,2,2,kMu463,69.55,dL624,S
769,1,3,Rachel Padilla,male,58.8,0,0,AWs110,6.86,Ts285,S
770,1,2,Joy Russell,female,35.5,3,0,PJt214,56.91,Mo685,S
771,0,2,Christopher Gray,female,42.2,2,2,WGO788,51.44,fg945,Q
772,0,3,Edward Baldwin,male,44.9,3,1,EQv613,26.78,ML373,S
773,1,1,Dr. Zachary Griffin PhD,male,55.9,1,0,kma779,90.47,ap746,Q
774,0,1,Sheila Shaw,male,57.6,0,5,wEH328,83.12,Sf827,C
775,0,2,Johnny Acevedo,male,76.9,4,2,eTQ220,42.81,GV345,S
776,0,2,David Martin,female,15.9,2,4,Dcv962,38.41,Nd481,C
777,1,3,Laura Hall,male,70.7,2,3,wnN889,25.81,Jw123,Q
778,1,2,Ryan Fernandez,female,57.3,0,1,RZC218,57.62,Do989,S
779,1,2,Keith Hall,female,33.1,5,5,bQY045,61.91,xj379,C
780,1,1,Leslie Woods,female,8.0,5,1,DZk940,10.63,we805,C
781,0,3,Paige Hardy DVM,male,20.4,3,1,tja296,41.48,gu334,S
782,1,3,Theodore Burton,female,54.4,1,2,fUM926,87.17,Ym952,Q
783,1,3,Mr. Joseph Gonzalez,male,3.8,3,1,BVh918,14.42,MI324,C
784,0,3,David Smith,male,72.2,5,2,fvQ043,42.14,UE019,C
785,1,2,Jennifer Smith,female,39.3,3,2,DQg265,56.94,YQ688,Q
786,1,2,Jessica Hanson,male,8.1,2,3,LxJ404,51.15,nm949,S
787,0,1,Gregory Mercado,female,58.8,4,5,fot242,71.03,Eh307,C
788,1,2,Thomas White,male,26.3,1,5,jkG076,41.66,je944,C
789,1,3,Danny Barrera,female,29.3,2,0,AWt176,98.87,QF976,S
790,0,3,Jennifer Simon,male,54.0,3,4,MPw033,64.47,Sd120,C
791,0,2,Brittany Gonzalez,male,41.8,5,5,eOH007,75.45,PO530,Q
792,0,2,Joseph Miller,female,14.8,4,0,hPL009,20.48,yg757,S
793,0,2,Christopher Cook,female,11.6,4,0,Ueo668,72.99,nv886,S
794,1,1,Raymond Martin,female,66.4,4,4,UAk440,29.48,DM781,Q
795,0,2,Gregory Lynn,female,68.6,5,4,Nko165,32.32,xK063,Q
796,1,1,Lindsey Rodriguez,female,69.4,2,1,cjr123,14.95,Uc688,Q
797,0,1,John Ochoa,male,38.2,3,0,ycs018,55.16,Mj783,Q
798,0,1,Jaime Whitehead,female,17.9,5,0,DIk748,63.64,mb562,S
799,0,3,Charles Ortega,male,77.8,5,3,ueM949,18.53,XN743,Q
800,1,2,Gina Nelson,female,33.2,2,0,SCl294,20.38,yD100,C
801,1,3,Kimberly Hurst,female,47.8,1,0,yzx773,93.21,cF332,C
802,0,2,Nicole Short,female,75.7,0,2,jpV788,52.75,GD632,Q
803,0,3,Timothy Crosby,female,12.1,3,5,GEB583,21.22,LX614,S
804,1,1,Charles Ramirez,female,25.7,0,1,rWC325,43.21,XW123,S
805,0,1,Kristen Jackson,male,39.1,4,2,rnM742,20.42,NU118,S
806,0,1,Arthur Durham,female,12.7,4,2,tYK501,34.47,iY949,S
807,1,3,Stacey Harper,female,29.8,5,2,WDl955,56.81,PL022,Q
808,0,2,Roberto Hogan,male,48.7,4,2,NMm453,20.76,Ti851,S
809,1,1,Lindsey Ramsey MD,male,71.9,4,2,ezy229,30.28,iJ975,Q
810,0,3,Amy Bailey,male,74.1,2,3,hEu756,89.82,rB664,Q
811,1,1,Nicholas Hood,female,15.3,4,2,lyo317,41.65,XZ811,Q
812,0,1,Kyle Mcdonald,female,32.9,0,2,aba536,90.83,Ik838,C
813,0,2,Paula Jackson,female,45.6,3,1,hAK093,95.65,kR816,C
814,1,2,Madison Turner,male,61.4,0,2,eOs175,7.32,MP217,S
815,0,3,Margaret Jones,male,2.3,4,2,mRI260,40.77,Dw674,S
816,0,2,Maria Smith,male,61.1,2,4,nRm067,90.16,SK632,S
817,0,1,Rhonda Evans,female,20.9,2,3,fTc699,42.74,mY835,S
818,1,1,Brian Griffith Jr.,male,36.4,3,3,Dxb966,78.38,rn416,S
819,0,2,Jessica Gross,female,48.5,5,1,Efx212,80.22,yg322,Q
820,1,3,Natalie Wiggins,male,8.1,5,2,BNd270,5.91,Fp543,S
821,0,3,Melanie Garcia,male,64.0,4,4,sAK122,59.91,Pn870,S
822,0,3,James Brown,male,63.2,1,1,qhR748,73.77,np663,C
823,0,3,Mr. Ryan Freeman,male,43.0,1,5,EFB759,91.84,dH290,S
824,1,3,Michael Hendrix,male,39.8,3,4,uaB281,29.18,rl908,Q
825,0,1,Jonathan Benson,female,4.1,5,4,zsj609,38.21,jQ980,Q
826,1,3,Ryan Shaw,male,77.9,4,3,oSc839,51.83,yN045,C
827,0,2,Teresa Fisher,female,19.6,1,5,NkV036,49.51,ec416,S
828,1,1,Alyssa Hernandez,female,29.2,4,4,GKL455,66.87,gW008,S
829,1,1,Michael Johnson,male,24.4,4,3,ezt197,13.95,lU207,C
830,1,3,Jessica Harris,male,55.7,2,4,dqs133,11.0,rW073,Q
831,0,1,Melissa Hall,male,28.2,5,2,Pkv581,45.66,es369,C
832,0,1,Matthew King,male,63.6,4,2,JBj770,34.56,OT773,Q
833,1,3,Rebecca Payne,male,31.3,2,5,xgA181,5.34,Ry299,C
834,0,3,Craig Jackson,male,76.3,4,1,eIH430,23.21,hQ984,Q
835,1,2,Kevin Woods,female,32.9,2,2,ovL986,11.12,tL012,S
836,1,2,Amy Perez,female,52.3,1,0,woG215,68.97,rz814,Q
837,1,3,Brandi Moore,female,76.8,2,4,Zyt635,98.05,Nu827,S
838,0,1,Andrea Hammond,male,74.0,3,3,vip284,92.51,Gg274,Q
839,1,1,Debra Brown,male,24.9,1,0,bkj886,18.79,QL992,Q
840,1,1,Stephanie Cummings,male,69.0,4,5,Rcw836,97.5,Je926,S
841,0,1,John Huynh,female,52.3,3,0,jfs842,53.22,wH996,C
842,0,3,Brandon Torres,female,79.4,3,5,YOM541,19.28,lv072,S
843,0,2,Amy Wilson,female,60.1,0,3,evW876,35.59,IF898,Q
844,0,3,Allen Johnson,male,34.5,2,3,DEj692,33.44,YA360,S
845,1,1,Allison Le,female,28.6,1,2,yei771,43.82,nQ889,S
846,0,2,Jennifer Rojas,female,71.1,5,4,zLU238,22.44,Sj620,Q
847,1,2,Tiffany Mclean,male,46.2,0,2,qhb941,52.22,sR132,C
848,0,3,Maria Barr,male,39.6,1,2,ZSC270,5.39,AN592,Q
849,0,1,Elizabeth Atkinson,male,42.7,4,5,ViA394,22.1,ff925,Q
850,0,2,Gregory Delgado,female,29.6,2,4,qcq583,94.72,yM541,C
851,1,1,Alison Casey,male,59.7,5,4,uEU613,10.41,zA828,S
852,1,1,Carrie Avila,male,67.2,0,1,lFi853,37.22,Jh242,S
853,1,3,Kevin Lee,male,41.8,2,0,FRK950,69.94,UR893,Q
854,0,3,Melissa Gibson,male,55.3,0,5,rzo009,95.33,Ic097,S
855,1,2,Kelly Knight,female,35.9,4,0,NmW273,30.6,fR123,S
856,0,1,Christina Murray,male,54.7,0,0,eex249,86.22,Jr029,C
857,0,3,Susan Alexander,female,75.3,0,2,fYe322,32.08,hl804,C
858,0,1,Autumn Brown,male,9.5,2,5,Rua546,92.73,UI243,C
859,1,3,Corey Morgan,male,57.3,0,5,XVh504,12.23,Bx302,C
860,1,1,Matthew Nelson,male,24.9,5,1,FRx078,73.69,Bo175,Q
861,0,2,Anthony Snyder,female,73.3,3,5,Adu894,56.62,ip559,C
862,1,2,Reginald Keller,male,34.3,2,3,IFy458,91.17,kc976,S
863,0,2,Heather Hubbard,male,22.0,1,1,fbp771,68.89,PF642,Q
864,1,2,Shelia Rollins,male,63.2,1,4,BTt444,97.11,bY850,S
865,0,1,James Powell,male,42.8,0,3,qir354,46.54,eJ958,S
866,0,3,Tina Rocha,male,50.7,4,1,eis695,73.72,vx292,C
867,0,2,Sandra King,female,34.1,4,4,xaR580,60.59,cR086,S
868,1,3,Toni Vance,male,73.0,1,4,CMp600,29.35,Bm209,S
869,0,3,Nicole Nguyen,male,33.9,3,5,gmM648,54.97,OZ601,C
870,0,3,Barbara Pena,female,47.4,5,1,ciU707,72.58,ID203,Q
871,0,3,Emily Mcdonald,male,26.0,4,3,oRE100,58.88,zn594,Q
872,1,1,Wanda Sherman,male,17.7,3,2,xIK414,78.97,qL546,Q
873,0,3,Sarah Allen,female,12.8,0,1,SDk421,38.11,Vl551,C
874,1,3,Nathan Rodriguez,female,14.8,4,0,HMh650,10.98,iW722,S
875,0,3,Alex Gibbs,female,31.8,2,2,ASy787,82.84,ou346,S
876,0,3,Madison Peterson,female,46.1,3,5,APm084,63.97,tv685,S
877,1,1,Michael Smith DDS,female,30.6,2,2,rFN209,86.87,aO166,C
878,1,2,Bethany Phillips,female,63.8,5,3,FnW775,96.38,yh729,Q
879,0,2,Courtney White,male,7.0,2,1,mIA363,48.94,IR960,C
880,0,2,Courtney Smith,female,25.3,5,4,duF527,88.85,KX398,Q
881,0,2,Paula Romero,female,20.6,3,4,Bss472,69.3,VR332,Q
882,0,1,Gary Carson,female,28.3,4,3,htm437,95.83,rj852,Q
883,1,1,Timothy Woodard,male,70.3,0,1,Qeo590,45.9,xL023,C
884,0,1,Matthew Leon,male,44.5,3,3,XqR222,83.28,kQ306,Q
885,0,2,Paul Thompson,female,68.8,5,3,fIq569,48.7,Ji480,S
886,0,3,Wendy Cherry,female,8.6,3,1,sHW632,13.77,PG893,C
887,1,2,Debra Murphy,male,55.8,4,4,gEe914,79.42,RS417,C
888,0,3,Troy Moore,female,59.4,3,5,xVz059,9.87,UI777,S
889,0,1,Rebecca White,male,44.6,3,5,sNo097,16.67,fi035,S
890,1,3,Jorge Carlson,female,35.8,0,4,rYN051,78.62,pS842,Q
891,0,3,Katie Mcclure,male,43.5,1,1,Ukh810,26.45,xu980,Q
892,1,3,Alexandra Dixon,male,20.9,4,4,YQM574,10.76,Cn103,S
893,0,2,Jessica Parks,male,16.8,5,0,Alu382,89.62,MZ155,S
894,1,1,Nicole Richards,male,58.0,5,4,owO756,53.9,AL380,C
895,1,3,Megan Maxwell,male,31.2,3,0,Zjj464,42.15,kU510,S
896,1,2,Shannon Dyer,male,41.6,3,4,Dhe595,53.79,Bz562,S
897,1,3,Joseph Grant,male,55.9,3,1,hEN864,90.74,bv276,S
898,1,2,Michael Wolfe,female,60.6,0,4,Das145,52.53,VY897,Q
899,1,3,Heidi Mendez,male,25.9,2,5,VYA450,84.16,FV397,Q
900,0,1,Danielle Schmidt,male,26.9,2,3,Mdt039,56.25,Rk712,S
901,0,2,Tammy Friedman MD,female,59.4,4,0,Zjw022,18.04,zM699,C
902,0,1,Steven Watts,female,1.3,1,5,OVW266,64.85,ie845,C
903,1,3,Amanda Knox,female,55.4,5,2,GDv372,90.22,np561,C
904,1,3,Angela Todd,female,22.2,4,3,DFL118,45.92,vT124,C
905,1,3,Brandon Taylor,female,40.8,5,0,tLA399,71.43,fr948,Q
906,1,1,Christopher Lambert,male,25.7,4,0,Zjr299,30.17,VM366,Q
907,1,3,Eric Parsons,male,66.9,1,3,YkS376,6.47,xv958,C
908,0,1,Shawn Powers,male,33.5,2,5,RBW891,79.04,yv759,S
909,0,2,Michael Hanson,male,74.4,4,0,wDH490,17.05,uo392,Q
910,1,1,James Hampton,female,78.8,0,4,epU182,18.85,zx467,Q
911,1,2,Alyssa Marquez,female,23.9,5,4,QSb160,57.2,pz956,Q
912,0,2,Mark Ewing,male,66.1,3,4,FdQ347,36.5,ia018,Q
913,1,1,Stephen Patel,female,40.4,1,4,joM893,48.92,Ei453,S
914,1,2,Douglas Johnson,female,79.5,5,5,xqU739,25.75,Ib230,S
915,0,1,Patrick Schroeder MD,male,77.6,4,3,jnS343,67.84,NO380,S
916,0,2,Suzanne Smith,female,39.3,1,1,taK615,55.37,KA465,S
917,1,3,Fernando Snyder MD,male,71.7,2,1,qCC269,58.48,ZX303,Q
918,0,1,Beth Coleman,male,51.4,5,5,cCF275,86.41,IW855,C
919,1,1,Haley Mcknight,female,21.7,5,0,aOC866,10.98,Zz451,Q
920,0,3,Robert Castillo,male,35.7,3,1,EiT702,27.79,Kq780,S
921,1,3,Alexander Wright,female,30.7,0,5,EoA392,67.94,mH873,Q
922,0,2,Ashley Hanson,male,1.3,0,1,gJp962,19.27,kP562,S
923,1,1,John Evans,female,29.9,4,3,DHy538,63.22,ku983,S
924,1,3,Selena Greene,male,31.0,0,4,zyK507,52.72,SP294,C
925,1,3,Sarah Evans,female,12.1,0,4,ONN849,34.96,jn593,Q
926,1,2,Christopher Carroll,female,63.9,0,1,zhU773,62.97,Ka774,C
927,0,2,Anne Peterson PhD,female,36.7,0,4,hfH568,37.86,iC315,Q
928,1,3,Susan Nelson,female,28.9,0,5,Eny154,29.89,Gx312,Q
929,1,3,Amanda Johnson,female,20.5,5,1,Plp911,62.85,kE686,S
930,1,1,David Bush,male,42.1,4,3,roY002,38.5,Xq129,C
931,0,2,Sara Salazar,female,27.6,1,3,KrV051,93.7,dH401,S
932,0,1,Joseph Cummings,male,69.9,1,2,unM300,91.6,eN614,C
933,1,2,Scott Olson,male,67.7,1,2,Kst561,98.39,IB878,S
934,1,2,Amanda Jordan,male,10.5,2,4,zjc682,78.85,xZ363,C
935,0,2,Sarah Phillips,female,42.4,4,2,NxO659,53.94,BD428,S
936,1,2,Mrs. Andrea Russell MD,male,2.4,3,5,soz111,18.3,Eq583,Q
937,0,2,Maurice Johnson,female,63.4,4,3,vVL848,94.52,lk933,Q
938,0,3,Ashley Hess,male,77.7,1,5,UEo377,81.81,Tj370,C
939,1,1,Bridget Ramirez,male,4.7,4,5,ZHr341,51.75,PF651,Q
940,1,2,Derek Gardner,male,74.9,4,5,eXl535,27.92,qv883,C
941,1,2,Pedro Stanton,female,59.3,4,2,aqT340,88.61,wZ194,S
942,1,3,William Vega,male,45.3,4,1,LnK743,88.65,Ot829,S
943,1,3,Joshua Morgan,female,70.4,4,2,yYL590,54.72,vL522,Q
944,1,1,Elizabeth Smith,female,16.0,3,2,ILd552,96.12,gT801,C
945,1,1,Aaron Walsh,female,40.4,0,1,mJu966,50.21,dh890,C
946,0,2,Carrie Moses,male,11.8,3,0,Gou696,72.88,wp537,Q
947,0,2,Glenn Johnson,male,15.2,5,3,lVS895,21.06,tY097,Q
948,1,2,Erica Richards,male,33.7,0,0,DOt195,90.35,Zw647,C
949,1,1,Monique Cole,male,52.2,4,5,sPj096,96.19,Rj095,S
950,1,1,Brittany Anderson,female,27.3,1,5,EgL957,21.02,Qi933,S
951,0,2,Kurt White,male,63.3,5,5,Vay101,25.3,AT396,S
952,1,2,Sandra Brown,male,67.8,1,5,OFI004,49.46,ZN727,S
953,0,3,Jean Murphy,female,75.8,5,0,UgE795,57.78,PE173,Q
954,0,1,Sharon Hensley,male,27.9,1,1,NDM897,27.52,bQ424,S
955,0,1,Alicia White,male,32.3,3,3,xrY005,94.59,yT037,Q
956,0,3,Ronald Case,male,40.3,2,4,Fcq004,76.93,Rz189,Q
957,1,3,Laurie Harris,female,22.4,5,1,Ojo875,33.44,fk862,Q
958,0,3,James Wilson,male,50.1,2,0,ZLx430,58.41,Ha944,C
959,0,3,Timothy Adams,female,7.2,1,4,IxI822,75.81,PU737,S
960,1,3,Theresa Smith,male,56.2,1,0,nJR245,63.43,Yo797,Q
961,0,2,Matthew Perez,female,9.0,5,5,nqG062,85.17,HC096,C
962,0,2,Aaron Brown,male,74.5,1,2,IPx786,66.11,sE032,C
963,1,3,Christy Smith,female,48.8,4,4,yax944,18.19,qe811,C
964,1,2,Jamie Coleman,male,60.8,1,2,fut565,81.74,PM852,Q
965,0,3,Robert Trujillo,female,9.2,5,0,uik448,30.26,ZE817,S
966,0,1,Clinton Chapman,male,54.7,2,0,SSq158,51.16,WA695,Q
967,1,2,Mark Alexander,female,77.5,5,1,nUH778,33.68,MU321,S
968,1,2,Samantha Ball,female,9.5,1,1,NtW454,24.59,Cz866,C
969,1,2,Christopher Johnson,male,15.5,4,5,NYU788,69.05,Ck523,S
970,0,1,David Reyes,female,74.8,5,1,AIJ855,71.86,eh695,C
971,0,3,Mark Ramos,male,72.0,4,5,PmU327,14.35,gs870,S
972,0,3,Jerry Acevedo,male,68.7,0,4,qqS150,41.65,op374,Q
973,0,3,Marie Weiss,female,24.7,3,3,GGo000,24.43,dZ009,Q
974,0,2,Aaron Myers,male,57.9,4,3,Idg448,50.55,gv987,C
975,1,1,Rebecca Singh,female,76.0,1,0,vKp716,27.61,LK713,S
976,1,2,James Dennis,female,29.5,2,4,bIC470,89.05,wc646,C
977,1,3,Emily Holmes,male,17.5,0,3,zuX212,34.66,Uw682,S
978,0,1,Jennifer Bell,male,44.4,0,1,PDG332,51.99,Nj264,C
979,0,1,Jennifer Townsend,male,4.4,2,1,pbd480,76.28,Zw804,C
980,1,1,Timothy Buck,male,13.4,5,1,aYt885,48.55,DB156,C
981,1,1,Cameron James,female,60.3,0,5,iCq673,78.14,ej882,S
982,0,3,Vincent Gonzalez,female,20.5,5,1,xwu535,90.96,tB234,Q
983,1,3,Aaron Parrish,female,54.8,1,5,WLT141,62.7,gm468,C
984,1,2,Karen Merritt,male,18.0,4,5,QZA885,28.13,ia086,Q
985,0,3,Madison Smith,female,67.7,4,4,sST589,39.7,fd071,S
986,0,3,Mason Garrison,female,48.8,5,4,Cgc078,58.93,oC312,S
987,0,3,Alec Strong,female,42.8,2,0,COL923,33.65,Dg383,S
988,1,3,Lauren Miller,female,20.5,2,4,oiY076,43.61,Qu873,Q
989,1,3,Debra Wilson DDS,male,34.9,0,1,FPw210,58.59,Os617,S
990,0,3,Mary Garcia DDS,male,21.6,2,2,ACa419,6.8,cf603,C
991,1,1,Amber Tanner,female,56.4,1,0,QLu594,18.88,Jm870,Q
992,1,1,Brittany Reeves,female,10.9,4,1,ZLG353,9.28,kk704,S
993,0,1,Samantha Anderson,male,46.9,0,0,qzM325,59.8,vK006,S
994,1,3,Gregory Jackson II,female,32.8,4,5,enK903,53.98,CQ420,C
995,0,3,Anne Mason,female,37.4,3,5,UJI891,78.34,Oo425,Q
996,0,3,Gabriel Ross,male,74.5,3,0,two607,67.78,Qc247,Q
997,1,3,Kyle Mcdonald,female,47.5,3,0,rwx021,16.66,Cw561,C
998,0,3,James Fernandez,male,58.5,5,5,uKP629,95.9,yY828,S
999,1,1,Jesse Garcia,male,45.7,0,5,xKv784,71.61,WH152,C
1000,1,3,Kimberly Garcia,female,50.6,4,0,hTm938,46.28,aO565,Q
